{
	"IcoMoonType": "selection",
	"icons": [
		{
			"icon": {
				"paths": [
					"M959.884 128c0.040 0.034 0.082 0.076 0.116 0.116v767.77c-0.034 0.040-0.076 0.082-0.116 0.116h-895.77c-0.040-0.034-0.082-0.076-0.114-0.116v-767.772c0.034-0.040 0.076-0.082 0.114-0.114h895.77zM960 64h-896c-35.2 0-64 28.8-64 64v768c0 35.2 28.8 64 64 64h896c35.2 0 64-28.8 64-64v-768c0-35.2-28.8-64-64-64v0z",
					"M832 288c0 53.020-42.98 96-96 96s-96-42.98-96-96 42.98-96 96-96 96 42.98 96 96z",
					"M896 832h-768v-128l224-384 256 320h64l224-192z"
				],
				"attrs": [],
				"isMulticolor": false,
				"tags": [
					"image",
					"picture",
					"photo",
					"graphic"
				],
				"defaultCode": 57388,
				"grid": 16
			},
			"attrs": [],
			"properties": {
				"order": 8,
				"id": 1589,
				"prevSize": 32,
				"code": 59661,
				"ligatures": "image, picture",
				"name": "image"
			},
			"setIdx": 0,
			"iconIdx": 13
		},
		{
			"icon": {
				"paths": [
					"M1088 128h-64v-64c0-35.2-28.8-64-64-64h-896c-35.2 0-64 28.8-64 64v768c0 35.2 28.8 64 64 64h64v64c0 35.2 28.8 64 64 64h896c35.2 0 64-28.8 64-64v-768c0-35.2-28.8-64-64-64zM128 192v640h-63.886c-0.040-0.034-0.082-0.076-0.114-0.116v-767.77c0.034-0.040 0.076-0.082 0.114-0.114h895.77c0.040 0.034 0.082 0.076 0.116 0.116v63.884h-768c-35.2 0-64 28.8-64 64v0zM1088 959.884c-0.034 0.040-0.076 0.082-0.116 0.116h-895.77c-0.040-0.034-0.082-0.076-0.114-0.116v-767.77c0.034-0.040 0.076-0.082 0.114-0.114h895.77c0.040 0.034 0.082 0.076 0.116 0.116v767.768z",
					"M960 352c0 53.020-42.98 96-96 96s-96-42.98-96-96 42.98-96 96-96 96 42.98 96 96z",
					"M1024 896h-768v-128l224-384 256 320h64l224-192z"
				],
				"width": 1152,
				"attrs": [],
				"isMulticolor": false,
				"tags": [
					"images",
					"pictures",
					"photos",
					"graphics"
				],
				"defaultCode": 57390,
				"grid": 16
			},
			"attrs": [],
			"properties": {
				"id": 96,
				"order": 9,
				"prevSize": 32,
				"code": 59662,
				"ligatures": "images, pictures",
				"name": "images"
			},
			"setIdx": 0,
			"iconIdx": 14
		},
		{
			"icon": {
				"paths": [
					"M288 576h-64v448h64c17.6 0 32-14.4 32-32v-384c0-17.6-14.4-32-32-32z",
					"M736 576c-17.602 0-32 14.4-32 32v384c0 17.6 14.398 32 32 32h64v-448h-64z",
					"M1024 512c0-282.77-229.23-512-512-512s-512 229.23-512 512c0 61.412 10.83 120.29 30.656 174.848-19.478 33.206-30.656 71.87-30.656 113.152 0 112.846 83.448 206.188 192 221.716v-443.418c-31.914 4.566-61.664 15.842-87.754 32.378-5.392-26.718-8.246-54.364-8.246-82.676 0-229.75 186.25-416 416-416s416 186.25 416 416c0 28.314-2.83 55.968-8.22 82.696-26.1-16.546-55.854-27.848-87.78-32.418v443.44c108.548-15.532 192-108.874 192-221.714 0-41.274-11.178-79.934-30.648-113.138 19.828-54.566 30.648-113.452 30.648-174.866z"
				],
				"attrs": [],
				"isMulticolor": false,
				"tags": [
					"headphones",
					"headset",
					"music",
					"audio"
				],
				"defaultCode": 59720,
				"grid": 16
			},
			"attrs": [],
			"properties": {
				"order": 7,
				"id": 1661,
				"prevSize": 32,
				"code": 59664,
				"ligatures": "headphones, headset",
				"name": "headphones"
			},
			"setIdx": 0,
			"iconIdx": 16
		},
		{
			"icon": {
				"paths": [
					"M384 288c0-88.366 71.634-160 160-160s160 71.634 160 160c0 88.366-71.634 160-160 160s-160-71.634-160-160zM0 288c0-88.366 71.634-160 160-160s160 71.634 160 160c0 88.366-71.634 160-160 160s-160-71.634-160-160zM768 608v-96c0-35.2-28.8-64-64-64h-640c-35.2 0-64 28.8-64 64v320c0 35.2 28.8 64 64 64h640c35.2 0 64-28.8 64-64v-96l256 160v-448l-256 160zM640 768h-512v-192h512v192z"
				],
				"attrs": [],
				"isMulticolor": false,
				"tags": [
					"video-camera",
					"video",
					"media",
					"film",
					"movie"
				],
				"defaultCode": 57419,
				"grid": 16
			},
			"attrs": [],
			"properties": {
				"id": 129,
				"order": 6,
				"prevSize": 32,
				"code": 59668,
				"ligatures": "video-camera, video3",
				"name": "video-camera"
			},
			"setIdx": 0,
			"iconIdx": 20
		},
		{
			"icon": {
				"paths": [
					"M480 704c88.366 0 160-71.634 160-160v-384c0-88.366-71.634-160-160-160s-160 71.634-160 160v384c0 88.366 71.636 160 160 160zM704 448v96c0 123.71-100.29 224-224 224-123.712 0-224-100.29-224-224v-96h-64v96c0 148.238 112.004 270.3 256 286.22v129.78h-128v64h320v-64h-128v-129.78c143.994-15.92 256-137.982 256-286.22v-96h-64z"
				],
				"attrs": [],
				"isMulticolor": false,
				"tags": [
					"mic",
					"microphone",
					"voice",
					"audio"
				],
				"defaultCode": 57453,
				"grid": 16
			},
			"attrs": [],
			"properties": {
				"id": 167,
				"order": 11,
				"prevSize": 32,
				"code": 59678,
				"ligatures": "mic, microphone",
				"name": "mic"
			},
			"setIdx": 0,
			"iconIdx": 30
		},
		{
			"icon": {
				"paths": [
					"M864 0h-768c-52.8 0-96 43.2-96 96v832c0 52.8 43.2 96 96 96h768c52.8 0 96-43.2 96-96v-832c0-52.8-43.2-96-96-96zM832 896h-704v-768h704v768zM256 448h448v64h-448zM256 576h448v64h-448zM256 704h448v64h-448zM256 320h448v64h-448z"
				],
				"attrs": [],
				"isMulticolor": false,
				"tags": [
					"file-text",
					"file",
					"document",
					"list",
					"paper"
				],
				"defaultCode": 57463,
				"grid": 16
			},
			"attrs": [],
			"properties": {
				"id": 177,
				"order": 12,
				"prevSize": 32,
				"code": 59682,
				"ligatures": "file-text, file",
				"name": "file-text"
			},
			"setIdx": 0,
			"iconIdx": 34
		},
		{
			"icon": {
				"paths": [
					"M0 64v640h1024v-640h-1024zM960 640h-896v-512h896v512zM672 768h-320l-32 128-64 64h512l-64-64z"
				],
				"attrs": [],
				"isMulticolor": false,
				"tags": [
					"display",
					"screen",
					"monitor",
					"computer",
					"desktop",
					"pc"
				],
				"defaultCode": 57632,
				"grid": 16
			},
			"attrs": [],
			"properties": {
				"id": 353,
				"order": 13,
				"prevSize": 32,
				"code": 59734,
				"ligatures": "display, screen",
				"name": "display"
			},
			"setIdx": 0,
			"iconIdx": 86
		},
		{
			"icon": {
				"paths": [
					"M736 0h-448c-52.8 0-96 43.2-96 96v832c0 52.8 43.2 96 96 96h448c52.8 0 96-43.2 96-96v-832c0-52.8-43.2-96-96-96zM384 48h256v32h-256v-32zM512 960c-35.346 0-64-28.654-64-64s28.654-64 64-64 64 28.654 64 64-28.654 64-64 64zM768 768h-512v-640h512v640z"
				],
				"attrs": [],
				"isMulticolor": false,
				"tags": [
					"mobile",
					"cell-phone",
					"handheld"
				],
				"defaultCode": 57637,
				"grid": 16
			},
			"attrs": [],
			"properties": {
				"id": 358,
				"order": 14,
				"prevSize": 32,
				"code": 59736,
				"ligatures": "mobile, cell-phone",
				"name": "mobile"
			},
			"setIdx": 0,
			"iconIdx": 88
		},
		{
			"icon": {
				"paths": [
					"M768 0h-576c-35.2 0-64 28.798-64 64v896c0 35.2 28.798 64 64 64h576c35.2 0 64-28.8 64-64v-896c0-35.202-28.8-64-64-64zM480 977.782c-27.492 0-49.782-22.29-49.782-49.782s22.29-49.782 49.782-49.782 49.782 22.29 49.782 49.782-22.29 49.782-49.782 49.782zM768 832h-576v-704h576v704z"
				],
				"attrs": [],
				"isMulticolor": false,
				"tags": [
					"mobile",
					"cell-phone",
					"handheld",
					"tablet",
					"phablet"
				],
				"defaultCode": 57638,
				"grid": 16
			},
			"attrs": [],
			"properties": {
				"id": 359,
				"order": 15,
				"prevSize": 32,
				"code": 59737,
				"ligatures": "mobile2, cell-phone2",
				"name": "mobile2"
			},
			"setIdx": 0,
			"iconIdx": 89
		},
		{
			"icon": {
				"paths": [
					"M800 0h-640c-52.8 0-96 43.2-96 96v832c0 52.8 43.2 96 96 96h640c52.8 0 96-43.2 96-96v-832c0-52.8-43.2-96-96-96zM480 992c-17.672 0-32-14.326-32-32s14.328-32 32-32 32 14.326 32 32-14.328 32-32 32zM768 896h-576v-768h576v768z"
				],
				"attrs": [],
				"isMulticolor": false,
				"tags": [
					"tablet",
					"mobile"
				],
				"defaultCode": 57639,
				"grid": 16
			},
			"attrs": [],
			"properties": {
				"id": 360,
				"order": 16,
				"prevSize": 32,
				"code": 59738,
				"ligatures": "tablet, mobile3",
				"name": "tablet"
			},
			"setIdx": 0,
			"iconIdx": 90
		},
		{
			"icon": {
				"paths": [
					"M1088 901.166c0 45.5 26.028 84.908 64 104.184v15.938c-10.626 1.454-21.472 2.224-32.5 2.224-68.008 0-129.348-28.528-172.722-74.264-26.222 6.982-54.002 10.752-82.778 10.752-159.058 0-288-114.616-288-256s128.942-256 288-256c159.058 0 288 114.616 288 256 0 55.348-19.764 106.592-53.356 148.466-6.824 14.824-10.644 31.312-10.644 48.7zM512 0c278.458 0 504.992 180.614 511.836 405.52-49.182-21.92-103.586-33.52-159.836-33.52-95.56 0-185.816 33.446-254.138 94.178-70.846 62.972-109.862 147.434-109.862 237.822 0 44.672 9.544 87.888 27.736 127.788-5.228 0.126-10.468 0.212-15.736 0.212-27.156 0-53.81-1.734-79.824-5.044-109.978 109.978-241.25 129.7-368.176 132.596v-26.916c68.536-33.578 128-94.74 128-164.636 0-9.754-0.758-19.33-2.164-28.696-115.796-76.264-189.836-192.754-189.836-323.304 0-229.75 229.23-416 512-416z"
				],
				"width": 1152,
				"attrs": [],
				"isMulticolor": false,
				"tags": [
					"bubbles",
					"comments",
					"chat",
					"talk"
				],
				"defaultCode": 57681,
				"grid": 16
			},
			"attrs": [],
			"properties": {
				"id": 423,
				"order": 17,
				"prevSize": 32,
				"code": 59756,
				"ligatures": "bubbles, comments",
				"name": "bubbles"
			},
			"setIdx": 0,
			"iconIdx": 108
		},
		{
			"icon": {
				"paths": [
					"M64 192h896v192h-896zM64 448h896v192h-896zM64 704h896v192h-896z"
				],
				"attrs": [],
				"isMulticolor": false,
				"tags": [
					"menu",
					"list",
					"options",
					"lines",
					"hamburger"
				],
				"defaultCode": 58031,
				"grid": 16
			},
			"attrs": [],
			"properties": {
				"order": 18,
				"id": 1448,
				"prevSize": 32,
				"code": 59837,
				"ligatures": "menu, list3",
				"name": "menu"
			},
			"setIdx": 0,
			"iconIdx": 189
		},
		{
			"icon": {
				"paths": [
					"M192 0v1024l320-320 320 320v-1024z"
				],
				"attrs": [],
				"isMulticolor": false,
				"tags": [
					"bookmark",
					"ribbon"
				],
				"defaultCode": 58083,
				"grid": 16
			},
			"attrs": [],
			"properties": {
				"id": 833,
				"order": 19,
				"prevSize": 32,
				"code": 59858,
				"ligatures": "bookmark, ribbon",
				"name": "bookmark"
			},
			"setIdx": 0,
			"iconIdx": 210
		},
		{
			"icon": {
				"paths": [
					"M192 128l640 384-640 384z"
				],
				"attrs": [],
				"isMulticolor": false,
				"tags": [
					"play",
					"player"
				],
				"defaultCode": 58245,
				"grid": 16
			},
			"attrs": [],
			"properties": {
				"id": 1001,
				"order": 20,
				"prevSize": 32,
				"code": 59932,
				"ligatures": "play3, player8",
				"name": "play3"
			},
			"setIdx": 0,
			"iconIdx": 284
		},
		{
			"icon": {
				"paths": [
					"M854 0h-684c-93.5 0-170 76.5-170 170v684c0 93.5 76.5 170 170 170h684c93.5 0 170-76.5 170-170v-684c0-93.5-76.5-170-170-170zM327.8 448h368.4c6.988 20.058 10.8 41.59 10.8 64 0 107.524-87.476 195-195 195s-195-87.476-195-195c0-22.41 3.812-43.942 10.8-64zM896 448.050v383.95c0 35.2-28.8 64-64 64h-640c-35.2 0-64-28.8-64-64v-384h100.108c-4.642 20.602-7.108 42.016-7.108 64 0 160.458 130.542 291 291 291s291-130.542 291-291c0-21.984-2.464-43.398-7.108-64l100.108 0.050zM896 224c0 17.6-14.4 32-32 32h-64c-17.6 0-32-14.4-32-32v-64c0-17.6 14.4-32 32-32h64c17.6 0 32 14.4 32 32v64z"
				],
				"attrs": [],
				"isMulticolor": false,
				"tags": [
					"instagram",
					"brand",
					"social"
				],
				"defaultCode": 58524,
				"grid": 16
			},
			"attrs": [],
			"properties": {
				"id": 1301,
				"order": 1,
				"prevSize": 32,
				"code": 60048,
				"ligatures": "instagram, brand10",
				"name": "instagram"
			},
			"setIdx": 0,
			"iconIdx": 400
		},
		{
			"icon": {
				"paths": [
					"M1024 194.418c-37.676 16.708-78.164 28.002-120.66 33.080 43.372-26 76.686-67.17 92.372-116.23-40.596 24.078-85.556 41.56-133.41 50.98-38.32-40.83-92.922-66.34-153.346-66.34-116.022 0-210.088 94.058-210.088 210.078 0 16.466 1.858 32.5 5.44 47.878-174.6-8.764-329.402-92.4-433.018-219.506-18.084 31.028-28.446 67.116-28.446 105.618 0 72.888 37.088 137.192 93.46 174.866-34.438-1.092-66.832-10.542-95.154-26.278-0.020 0.876-0.020 1.756-0.020 2.642 0 101.788 72.418 186.696 168.522 206-17.626 4.8-36.188 7.372-55.348 7.372-13.538 0-26.698-1.32-39.528-3.772 26.736 83.46 104.32 144.206 196.252 145.896-71.9 56.35-162.486 89.934-260.916 89.934-16.958 0-33.68-0.994-50.116-2.94 92.972 59.61 203.402 94.394 322.042 94.394 386.422 0 597.736-320.124 597.736-597.744 0-9.108-0.206-18.168-0.61-27.18 41.056-29.62 76.672-66.62 104.836-108.748z"
				],
				"attrs": [],
				"isMulticolor": false,
				"tags": [
					"twitter",
					"brand",
					"tweet",
					"social"
				],
				"defaultCode": 58525,
				"grid": 16
			},
			"attrs": [],
			"properties": {
				"id": 1302,
				"order": 2,
				"prevSize": 32,
				"code": 60049,
				"ligatures": "twitter, brand11",
				"name": "twitter"
			},
			"setIdx": 0,
			"iconIdx": 401
		},
		{
			"icon": {
				"paths": [
					"M0 308.37l41.594 54.544c0 0 85.77-67.608 114.36-33.802 28.588 33.802 137.736 441.956 174.17 517.246 31.8 66.030 119.518 153.32 215.714 90.982 96.136-62.34 415.84-335.286 473.066-657.616 57.18-322.226-384.72-254.726-431.53 26.010 116.99-70.236 179.436 28.538 119.57 140.372-59.758 111.724-114.36 184.592-142.952 184.592-28.538 0-50.49-74.768-83.188-205.446-33.798-135.102-33.592-378.46-174.116-350.87-132.518 26.012-306.688 233.988-306.688 233.988z"
				],
				"attrs": [],
				"isMulticolor": false,
				"tags": [
					"vimeo",
					"brand",
					"social"
				],
				"defaultCode": 58533,
				"grid": 16
			},
			"attrs": [],
			"properties": {
				"id": 1312,
				"order": 4,
				"prevSize": 32,
				"code": 60060,
				"ligatures": "vimeo, brand19",
				"name": "vimeo"
			},
			"setIdx": 0,
			"iconIdx": 412
		},
		{
			"icon": {
				"paths": [
					"M512 0c-282.77 0-512 229.23-512 512s229.23 512 512 512 512-229.23 512-512-229.23-512-512-512zM816.056 816.056c-39.518 39.516-85.512 70.532-136.708 92.186-13.006 5.5-26.214 10.328-39.6 14.492v-76.734c0-40.334-13.834-70-41.5-89 17.334-1.666 33.25-4 47.75-7s29.834-7.334 46-13 30.666-12.416 43.5-20.25 25.166-18 37-30.5 21.75-26.666 29.75-42.5 14.334-34.834 19-57 7-46.584 7-73.25c0-51.666-16.834-95.666-50.5-132 15.334-40 13.666-83.5-5-130.5l-12.5-1.5c-8.666-1-24.25 2.666-46.75 11s-47.75 22-75.75 41c-39.666-11-80.834-16.5-123.5-16.5-43 0-84 5.5-123 16.5-17.666-12-34.416-21.916-50.25-29.75s-28.5-13.166-38-16-18.334-4.584-26.5-5.25-13.416-0.834-15.75-0.5-4 0.666-5 1c-18.666 47.334-20.334 90.834-5 130.5-33.666 36.334-50.5 80.334-50.5 132 0 26.666 2.334 51.084 7 73.25s11 41.166 19 57 17.916 30 29.75 42.5 24.166 22.666 37 30.5 27.334 14.584 43.5 20.25 31.5 10 46 13 30.416 5.334 47.75 7c-27.334 18.666-41 48.334-41 89v78.23c-15.098-4.494-29.98-9.804-44.6-15.988-51.194-21.654-97.188-52.67-136.706-92.186-39.516-39.518-70.534-85.512-92.186-136.708-22.398-52.958-33.756-109.262-33.756-167.348s11.358-114.39 33.758-167.35c21.654-51.194 52.67-97.188 92.186-136.706s85.512-70.534 136.706-92.186c52.96-22.4 109.264-33.758 167.35-33.758s114.39 11.358 167.35 33.758c51.196 21.654 97.19 52.67 136.708 92.186 39.516 39.516 70.532 85.512 92.186 136.706 22.398 52.96 33.756 109.264 33.756 167.35s-11.358 114.39-33.758 167.35c-21.654 51.194-52.67 97.19-92.186 136.706z"
				],
				"attrs": [],
				"isMulticolor": false,
				"tags": [
					"github",
					"brand",
					"octacat",
					"social"
				],
				"defaultCode": 58554,
				"grid": 16
			},
			"attrs": [],
			"properties": {
				"id": 1335,
				"order": 3,
				"prevSize": 32,
				"code": 60084,
				"ligatures": "github4, brand43",
				"name": "github4"
			},
			"setIdx": 0,
			"iconIdx": 436
		},
		{
			"icon": {
				"paths": [
					"M128 511.992c0 148.026 88.322 275.968 216.43 336.578l-183.178-488.784c-21.308 46.508-33.252 97.982-33.252 152.206zM771.228 493.128c0-46.234-17.054-78.236-31.654-103.142-19.458-30.82-37.72-56.894-37.72-87.716 0-34.374 26.766-66.376 64.486-66.376 1.704 0 3.32 0.204 4.976 0.302-68.316-60.97-159.34-98.196-259.308-98.196-134.16 0-252.186 67.046-320.844 168.568 9.010 0.282 17.506 0.454 24.712 0.454 40.154 0 102.34-4.752 102.34-4.752 20.69-1.182 23.132 28.434 2.458 30.822 0 0-20.81 2.368-43.952 3.55l139.834 405.106 84.044-245.456-59.822-159.65c-20.688-1.184-40.278-3.55-40.278-3.55-20.702-1.192-18.272-32.002 2.438-30.822 0 0 63.4 4.752 101.134 4.752 40.146 0 102.35-4.752 102.35-4.752 20.702-1.182 23.14 28.434 2.446 30.822 0 0-20.834 2.372-43.948 3.55l138.78 402.018 38.312-124.632c16.58-51.75 29.216-88.9 29.216-120.9zM518.742 544.704l-115.226 326.058c34.416 9.858 70.794 15.238 108.488 15.238 44.716 0 87.604-7.518 127.518-21.2-1.018-1.602-1.974-3.304-2.75-5.154l-118.030-314.942zM848.962 332.572c1.652 11.91 2.588 24.686 2.588 38.458 0 37.93-7.292 80.596-29.202 133.95l-117.286 330.272c114.162-64.828 190.938-185.288 190.938-323.258 0-65.030-17.060-126.16-47.038-179.422zM512 0c-282.77 0-512 229.23-512 512s229.23 512 512 512 512-229.23 512-512-229.23-512-512-512zM512 960c-247.424 0-448-200.576-448-448s200.576-448 448-448 448 200.576 448 448-200.576 448-448 448z"
				],
				"attrs": [],
				"isMulticolor": false,
				"tags": [
					"wordpress",
					"brand",
					"social",
					"cms"
				],
				"defaultCode": 58557,
				"grid": 16
			},
			"attrs": [],
			"properties": {
				"id": 1339,
				"order": 34,
				"prevSize": 32,
				"code": 60086,
				"ligatures": "wordpress, brand45",
				"name": "wordpress"
			},
			"setIdx": 0,
			"iconIdx": 438
		},
		{
			"icon": {
				"paths": [
					"M853.372 0h-682.684c-93.874 0-170.686 76.806-170.686 170.68v469.316l15.998-63.996h32l16 64-16 64h-32l-16-63.996v213.304c0.002 93.938 76.814 170.692 170.688 170.692h682.684c93.878 0 170.628-76.754 170.628-170.692v-212.202c0 70.078-59.082 126.894-131.986 126.894-2.354 0-365.554-0.176-365.89-0.21-7.882-0.762-14.124-7.23-14.124-14.996v-402.714c0-7.394 2.618-11.212 12.578-14.916 25.636-9.534 54.534-15.164 84.318-15.164 121.708 0 221.492 89.702 231.998 204.058 15.716-6.336 32.978-9.856 51.064-9.856 72.906 0 132.042 56.824 132.042 126.902v-470.422c0-93.876-76.758-170.682-170.628-170.682zM176 768h-32l-16-128 16-128h32l16 128-16 128zM304 768h-32l-16-162.75 16-157.25h32l16 160-16 160zM432 768h-32l-16-224.22 16-223.78h32l16 223.78-16 224.22z"
				],
				"attrs": [],
				"isMulticolor": false,
				"tags": [
					"soundcloud",
					"brand",
					"social"
				],
				"defaultCode": 58572,
				"grid": 16
			},
			"attrs": [],
			"properties": {
				"id": 1354,
				"order": 5,
				"prevSize": 32,
				"code": 60101,
				"ligatures": "soundcloud2, brand60",
				"name": "soundcloud2"
			},
			"setIdx": 0,
			"iconIdx": 453
		},
		{
			"icon": {
				"paths": [
					"M60.538 0l82.144 921.63 368.756 102.37 369.724-102.524 82.3-921.476h-902.924zM784.63 301.428h-432.54l10.302 115.75h411.968l-31.042 347.010-231.844 64.254-231.572-64.254-15.83-177.512h113.494l8.048 90.232 125.862 33.916 0.278-0.078 125.934-33.992 13.070-146.55h-391.74l-30.494-341.8h566.214l-10.108 113.024z"
				],
				"attrs": [],
				"isMulticolor": false,
				"tags": [
					"html5",
					"w3c"
				],
				"defaultCode": 58602,
				"grid": 16
			},
			"attrs": [],
			"properties": {
				"id": 1384,
				"order": 35,
				"prevSize": 32,
				"code": 60127,
				"ligatures": "html5, w3c",
				"name": "html5"
			},
			"setIdx": 0,
			"iconIdx": 479
		},
		{
			"icon": {
				"paths": [
					"M152.388 48.522l-34.36 171.926h699.748l-21.884 111.054h-700.188l-33.892 171.898h699.684l-39.018 196.064-282.012 93.422-244.4-93.422 16.728-85.042h-171.898l-40.896 206.352 404.226 154.704 466.006-154.704 153.768-772.252z"
				],
				"attrs": [],
				"isMulticolor": false,
				"tags": [
					"css3",
					"w3c"
				],
				"defaultCode": 58604,
				"grid": 16
			},
			"attrs": [],
			"properties": {
				"id": 1386,
				"order": 36,
				"prevSize": 32,
				"code": 60129,
				"ligatures": "css3, w3c3",
				"name": "css3"
			},
			"setIdx": 0,
			"iconIdx": 481
		}
	],
	"height": 1024,
	"metadata": {
		"name": "icomoon"
	},
	"preferences": {
		"showGlyphs": true,
		"showQuickUse": true,
		"showQuickUse2": true,
		"showSVGs": true,
		"fontPref": {
			"prefix": "icon-",
			"metadata": {
				"fontFamily": "icomoon"
			},
			"metrics": {
				"emSize": 1024,
				"baseline": 6.25,
				"whitespace": 50
			}
		},
		"imagePref": {
			"prefix": "icon-",
			"png": true,
			"useClassSelector": true,
			"color": 4473924,
			"bgColor": 16777215
		},
		"historySize": 100,
		"showCodes": true
	}
}